{"initial_reset_timestamp": 1563433711.1878092, "timestamps": [1563433720.060994], "episode_lengths": [109], "episode_rewards": [-109.0], "episode_types": ["t"]}